mean_fit_time,std_fit_time,mean_score_time,std_score_time,param_classifier__subsample,param_classifier__n_estimators,param_classifier__max_depth,param_classifier__learning_rate,param_classifier__colsample_bytree,params,split0_test_score,split1_test_score,split2_test_score,split3_test_score,split4_test_score,mean_test_score,std_test_score,rank_test_score
1.280533790588379,0.010949169041261426,0.002888393402099609,9.455879226658088e-05,0.8,200,3,0.2,0.8,"{'classifier__subsample': 0.8, 'classifier__n_estimators': 200, 'classifier__max_depth': 3, 'classifier__learning_rate': 0.2, 'classifier__colsample_bytree': 0.8}",0.9972815179711731,0.995634811766499,0.9969333756035702,0.9966529288396819,0.9980795493342438,0.9969164367030336,0.0007998001154755963,1
1.260909366607666,0.0052074770739975315,0.0027158260345458984,9.471107159151765e-05,0.7,200,3,0.1,0.8,"{'classifier__subsample': 0.7, 'classifier__n_estimators': 200, 'classifier__max_depth': 3, 'classifier__learning_rate': 0.1, 'classifier__colsample_bytree': 0.8}",0.9964300918323906,0.9948910227099528,0.9957750085353363,0.996549285470419,0.9977747158952348,0.9962840248886667,0.0009500959028648608,2
2.0984307765960692,0.02150738964412804,0.0029944896697998045,0.00010268169779253548,0.7,200,6,0.2,1.0,"{'classifier__subsample': 0.7, 'classifier__n_estimators': 200, 'classifier__max_depth': 6, 'classifier__learning_rate': 0.2, 'classifier__colsample_bytree': 1.0}",0.9968193152101199,0.9949032159731749,0.995457981758767,0.9963298053943326,0.9974454957811052,0.9961911628234998,0.0009147141536833655,3
2.5363855361938477,0.046845989976004185,0.0027723312377929688,9.830030110001709e-05,0.7,200,9,0.2,0.8,"{'classifier__subsample': 0.7, 'classifier__n_estimators': 200, 'classifier__max_depth': 9, 'classifier__learning_rate': 0.2, 'classifier__colsample_bytree': 0.8}",0.9971051511281396,0.9948544429202866,0.9953848217334049,0.9962627420377506,0.9971406623420963,0.9961495640323357,0.0009132799457818177,4
2.0790797233581544,0.021179420611810006,0.0029534816741943358,0.0002811820784240562,0.8,200,6,0.2,0.8,"{'classifier__subsample': 0.8, 'classifier__n_estimators': 200, 'classifier__max_depth': 6, 'classifier__learning_rate': 0.2, 'classifier__colsample_bytree': 0.8}",0.9964544182934987,0.9941899100746838,0.995762815197776,0.9965614788079793,0.9975247524752476,0.9960986749698371,0.0011073051040996155,5
1.4025374889373778,0.0166350306889753,0.0028385639190673826,0.00017798169058648325,1.0,200,3,0.1,1.0,"{'classifier__subsample': 1.0, 'classifier__n_estimators': 200, 'classifier__max_depth': 3, 'classifier__learning_rate': 0.1, 'classifier__colsample_bytree': 1.0}",0.9967159277504105,0.9944886450236244,0.9956347851533922,0.996311515387992,0.9970553089791738,0.9960412364589185,0.0009091033982299006,6
2.448989152908325,0.05193946515525635,0.0029244422912597656,0.0003204607527117856,0.7,200,9,0.2,0.7,"{'classifier__subsample': 0.7, 'classifier__n_estimators': 200, 'classifier__max_depth': 9, 'classifier__learning_rate': 0.2, 'classifier__colsample_bytree': 0.7}",0.9964057653712828,0.994421582075903,0.9953299517143833,0.9956469784909525,0.9973113690679413,0.9958231293440927,0.0009790720359910598,7
1.515463924407959,0.0302629397546767,0.003761100769042969,0.001719548560489174,0.8,100,6,0.2,0.8,"{'classifier__subsample': 0.8, 'classifier__n_estimators': 100, 'classifier__max_depth': 6, 'classifier__learning_rate': 0.2, 'classifier__colsample_bytree': 0.8}",0.996205072067141,0.99351928059747,0.99556162512803,0.9960981319806856,0.9971955323611179,0.995715928426889,0.0012184941570684343,8
0.6853227615356445,0.005482785937817663,0.002900505065917969,0.00016768652416835402,0.7,100,3,0.2,1.0,"{'classifier__subsample': 0.7, 'classifier__n_estimators': 100, 'classifier__max_depth': 3, 'classifier__learning_rate': 0.2, 'classifier__colsample_bytree': 1.0}",0.9956942163838716,0.9939582380734644,0.9948605082183095,0.9967382822026045,0.9970492123103936,0.9956600914377287,0.001151429966130848,9
2.1668895721435546,0.045338258892663436,0.0029877662658691407,0.00021128872396989246,1.0,200,6,0.2,0.8,"{'classifier__subsample': 1.0, 'classifier__n_estimators': 200, 'classifier__max_depth': 6, 'classifier__learning_rate': 0.2, 'classifier__colsample_bytree': 0.8}",0.9962719698351883,0.9935436671239141,0.9947873481929473,0.9959822952738624,0.9971955323611178,0.995556162557406,0.001266705640715831,10
3.0350093841552734,0.0727612530615928,0.002977752685546875,5.4480100858513876e-05,1.0,200,6,0.1,0.7,"{'classifier__subsample': 1.0, 'classifier__n_estimators': 200, 'classifier__max_depth': 6, 'classifier__learning_rate': 0.1, 'classifier__colsample_bytree': 0.7}",0.9960895213768777,0.99334247828075,0.9946958981612446,0.9960310686241037,0.9971528556796566,0.9954623644245265,0.0013157430439486052,11
2.589045286178589,0.06169553347944841,0.002861499786376953,0.00015098994214459726,0.7,100,9,0.1,0.7,"{'classifier__subsample': 0.7, 'classifier__n_estimators': 100, 'classifier__max_depth': 9, 'classifier__learning_rate': 0.1, 'classifier__colsample_bytree': 0.7}",0.9952989113908655,0.9930864197530864,0.9946958981612447,0.9955799151343706,0.996860215578208,0.995104272003555,0.00123174312388211,12
2.1539540767669676,0.14528475009360906,0.003019094467163086,0.0002543794178059874,0.8,100,6,0.1,1.0,"{'classifier__subsample': 0.8, 'classifier__n_estimators': 100, 'classifier__max_depth': 6, 'classifier__learning_rate': 0.1, 'classifier__colsample_bytree': 1.0}",0.9956759715380404,0.9930559365950313,0.9947934448617276,0.9955067551090084,0.9964029654196946,0.9950870147047006,0.0011372106210478696,13
1.8024009227752686,0.019256493224969112,0.002800273895263672,0.00014509915755125277,0.7,100,6,0.1,0.7,"{'classifier__subsample': 0.7, 'classifier__n_estimators': 100, 'classifier__max_depth': 6, 'classifier__learning_rate': 0.1, 'classifier__colsample_bytree': 0.7}",0.9960712765310467,0.9929218106995885,0.9947141881675852,0.9951043749695165,0.9965431888016388,0.9950709678338752,0.0012582000017807102,14
1.5143443584442138,0.0159060730391856,0.0028047084808349608,0.0001438461623355834,1.0,100,6,0.2,0.8,"{'classifier__subsample': 1.0, 'classifier__n_estimators': 100, 'classifier__max_depth': 6, 'classifier__learning_rate': 0.2, 'classifier__colsample_bytree': 0.8}",0.99584017515052,0.9927206218564243,0.9944886114227186,0.9953665317270644,0.9966956055211432,0.995022309135574,0.0013542460917101993,15
2.652713489532471,0.03694877066735424,0.0027378082275390627,0.00010413881183780641,0.7,100,9,0.1,0.8,"{'classifier__subsample': 0.7, 'classifier__n_estimators': 100, 'classifier__max_depth': 9, 'classifier__learning_rate': 0.1, 'classifier__colsample_bytree': 0.8}",0.9954205436964058,0.9926291723822588,0.9945556747793005,0.9955799151343705,0.9968053455591864,0.9949981303103044,0.0013849665821115738,16
0.6453835487365722,0.002851049812439641,0.0026433467864990234,6.441574091709752e-05,0.7,100,3,0.1,0.7,"{'classifier__subsample': 0.7, 'classifier__n_estimators': 100, 'classifier__max_depth': 3, 'classifier__learning_rate': 0.1, 'classifier__colsample_bytree': 0.7}",0.9953536459283585,0.993348574912361,0.9942264546651709,0.9955982051407111,0.9958298785543579,0.9948713518401918,0.0009396210627705473,17
2.734986114501953,0.038095407266559855,0.002728843688964844,7.131858120236327e-05,0.8,100,9,0.1,0.7,"{'classifier__subsample': 0.8, 'classifier__n_estimators': 100, 'classifier__max_depth': 9, 'classifier__learning_rate': 0.1, 'classifier__colsample_bytree': 0.7}",0.9957611141519187,0.993013260173754,0.9943057113593132,0.9950007316002536,0.9961651953372678,0.9948492025245015,0.0011182529161308146,18
4.091421842575073,0.028872927093425056,0.0029269695281982423,0.00010800899509063617,1.0,200,9,0.1,1.0,"{'classifier__subsample': 1.0, 'classifier__n_estimators': 200, 'classifier__max_depth': 9, 'classifier__learning_rate': 0.1, 'classifier__colsample_bytree': 1.0}",0.9953293194672505,0.9921170553269318,0.9942203579963907,0.9956652684972932,0.9967809588840657,0.9948225920343863,0.001580170354245488,19
2.3128973960876467,0.05382128906028678,0.003129100799560547,0.00034519564208971876,1.0,100,9,0.2,1.0,"{'classifier__subsample': 1.0, 'classifier__n_estimators': 100, 'classifier__max_depth': 9, 'classifier__learning_rate': 0.2, 'classifier__colsample_bytree': 1.0}",0.9955482576172231,0.9911903673220546,0.9945678681168609,0.9956713651660731,0.9968967955908892,0.9947749307626201,0.0019388609755161665,20
2.0942243576049804,0.02952626184298378,0.00271458625793457,0.0001153940405714229,1.0,100,9,0.2,0.8,"{'classifier__subsample': 1.0, 'classifier__n_estimators': 100, 'classifier__max_depth': 9, 'classifier__learning_rate': 0.2, 'classifier__colsample_bytree': 0.8}",0.9954631150033448,0.9925011431184271,0.9941715846461493,0.9949214749061113,0.9965248987952984,0.9947164432938662,0.0013471817782102283,21
0.6525947570800781,0.01151553477816452,0.002718687057495117,0.000134827930438843,0.8,100,3,0.1,0.7,"{'classifier__subsample': 0.8, 'classifier__n_estimators': 100, 'classifier__max_depth': 3, 'classifier__learning_rate': 0.1, 'classifier__colsample_bytree': 0.7}",0.9942893632548804,0.9914891022709953,0.9949031848997707,0.9959518119299615,0.9962017753499488,0.9945670475411112,0.0016884165004020766,22
8.776896762847901,0.08396500581353632,0.0030539989471435546,0.0001294853563926604,0.8,200,9,0.01,0.7,"{'classifier__subsample': 0.8, 'classifier__n_estimators': 200, 'classifier__max_depth': 9, 'classifier__learning_rate': 0.01, 'classifier__colsample_bytree': 0.7}",0.9926473271300857,0.9881908245694253,0.9906842901038873,0.989830756474662,0.9938972345510413,0.9910500865658204,0.0020225420221433427,23
8.042117023468018,0.05360341929389974,0.003278779983520508,0.0005551378130052373,0.7,200,9,0.01,0.7,"{'classifier__subsample': 0.7, 'classifier__n_estimators': 200, 'classifier__max_depth': 9, 'classifier__learning_rate': 0.01, 'classifier__colsample_bytree': 0.7}",0.9928297755883962,0.9877945435147081,0.991190313612642,0.9900502365507488,0.9932692776666829,0.9910268293866356,0.0019853121624697247,24
4.538053560256958,0.0378049557286619,0.002917051315307617,0.00016511232827465057,0.7,200,6,0.01,0.7,"{'classifier__subsample': 0.7, 'classifier__n_estimators': 200, 'classifier__max_depth': 6, 'classifier__learning_rate': 0.01, 'classifier__colsample_bytree': 0.7}",0.9927324697439639,0.9873860691967689,0.9910805735745989,0.9902575232892747,0.9932570843291225,0.9909427440267458,0.0020831586337862165,25
4.300194454193115,0.05871510604558372,0.003001499176025391,0.00028387723996055634,0.7,100,9,0.01,0.7,"{'classifier__subsample': 0.7, 'classifier__n_estimators': 100, 'classifier__max_depth': 9, 'classifier__learning_rate': 0.01, 'classifier__colsample_bytree': 0.7}",0.9913823511524661,0.9855448864502363,0.9898063697995415,0.9873616056186899,0.9918487538409013,0.989188793372367,0.002403545664910062,26
4.3267848014831545,0.09227482269595233,0.002898550033569336,0.00016261165061252198,0.7,100,9,0.01,0.8,"{'classifier__subsample': 0.7, 'classifier__n_estimators': 100, 'classifier__max_depth': 9, 'classifier__learning_rate': 0.01, 'classifier__colsample_bytree': 0.8}",0.9907681080094872,0.9844109129705838,0.9888796761449544,0.9874835389942935,0.9922267473052724,0.9887537966849183,0.002705877873038122,27
0.710436487197876,0.004732483885243306,0.0028486728668212892,0.00019066018788496748,0.8,100,3,0.01,0.8,"{'classifier__subsample': 0.8, 'classifier__n_estimators': 100, 'classifier__max_depth': 3, 'classifier__learning_rate': 0.01, 'classifier__colsample_bytree': 0.8}",0.9822842546980478,0.9730437433318092,0.9827098473394138,0.9761559284007219,0.9818624103789689,0.9792112368297923,0.0039009055653506436,28
0.6748227596282959,0.004866602116651051,0.002674245834350586,0.00016916140773978985,1.0,100,3,0.01,0.8,"{'classifier__subsample': 1.0, 'classifier__n_estimators': 100, 'classifier__max_depth': 3, 'classifier__learning_rate': 0.01, 'classifier__colsample_bytree': 0.8}",0.9822933771209633,0.9729705837524768,0.9826793639955127,0.9752414280836951,0.9807589133297565,0.9787887332564809,0.003942978146662796,29
0.7536825656890869,0.006886757752488811,0.003037691116333008,0.0002697184611710687,0.8,100,3,0.01,1.0,"{'classifier__subsample': 0.8, 'classifier__n_estimators': 100, 'classifier__max_depth': 3, 'classifier__learning_rate': 0.01, 'classifier__colsample_bytree': 1.0}",0.9819619290883659,0.9702331961591221,0.9810728917719358,0.9724491537823733,0.9778538506560017,0.9767142042915598,0.004648218759680351,30
