mean_fit_time,std_fit_time,mean_score_time,std_score_time,param_classifier__n_estimators,param_classifier__min_samples_split,param_classifier__min_samples_leaf,param_classifier__max_features,param_classifier__max_depth,params,split0_test_score,split1_test_score,split2_test_score,split3_test_score,split4_test_score,mean_test_score,std_test_score,rank_test_score
0.9963551998138428,0.1424954639784355,0.055294036865234375,0.005098503105280834,300,5,2,sqrt,30,"{'classifier__n_estimators': 300, 'classifier__min_samples_split': 5, 'classifier__min_samples_leaf': 2, 'classifier__max_features': 'sqrt', 'classifier__max_depth': 30}",0.9700358815301344,0.9684729064039408,0.9684850696344949,0.9722435078756918,0.9724918304638346,0.9703458391816193,0.0017477322048145144,1
0.7974143981933594,0.1959002860337038,0.04784512519836426,0.005857615529575236,200,2,2,sqrt,30,"{'classifier__n_estimators': 200, 'classifier__min_samples_split': 2, 'classifier__min_samples_leaf': 2, 'classifier__max_features': 'sqrt', 'classifier__max_depth': 30}",0.9690384966247035,0.9680715197956578,0.967785683877638,0.970923797360579,0.9733758474369604,0.9698390690191075,0.0020816807683690934,2
0.5834187984466552,0.008700181547028387,0.039076948165893556,0.0004483852107004696,200,10,2,sqrt,,"{'classifier__n_estimators': 200, 'classifier__min_samples_split': 10, 'classifier__min_samples_leaf': 2, 'classifier__max_features': 'sqrt', 'classifier__max_depth': None}",0.9672383385027064,0.9690080885483184,0.9661497293681203,0.9721401204159824,0.9720772569867825,0.9693227067643819,0.0024509886919893615,3
0.5871323108673095,0.03310067555749081,0.03962750434875488,0.0004701292866513652,200,10,4,sqrt,,"{'classifier__n_estimators': 200, 'classifier__min_samples_split': 10, 'classifier__min_samples_leaf': 4, 'classifier__max_features': 'sqrt', 'classifier__max_depth': None}",0.9679316426442863,0.9670619716596727,0.9657544243751139,0.9709967767439032,0.9702970297029704,0.9684083690251892,0.0019672503545749643,4
0.3347301006317139,0.005801169631547196,0.028965568542480467,0.0007448553358846644,100,5,1,sqrt,20,"{'classifier__n_estimators': 100, 'classifier__min_samples_split': 5, 'classifier__min_samples_leaf': 1, 'classifier__max_features': 'sqrt', 'classifier__max_depth': 20}",0.9674998479596181,0.967171440734659,0.9663200145958767,0.9700845344523505,0.9708518265619664,0.968385532860894,0.0017603428169635376,5
0.8005192756652832,0.013175294606231396,0.05022425651550293,0.0009775129108839688,300,2,4,sqrt,30,"{'classifier__n_estimators': 300, 'classifier__min_samples_split': 2, 'classifier__min_samples_leaf': 4, 'classifier__max_features': 'sqrt', 'classifier__max_depth': 30}",0.9678465000304081,0.966101076445904,0.9644651219363863,0.9721583652618135,0.9713395600643808,0.9683821247477786,0.0029610606981121793,6
0.38625221252441405,0.09725604970812261,0.03026614189147949,0.001996405016169789,100,2,2,sqrt,,"{'classifier__n_estimators': 100, 'classifier__min_samples_split': 2, 'classifier__min_samples_leaf': 2, 'classifier__max_features': 'sqrt', 'classifier__max_depth': None}",0.966082831600073,0.9685854162865657,0.9640971842121268,0.9706926959800524,0.9722235770375067,0.9683363410232648,0.0029588445781898514,7
0.33594503402709963,0.022068810574416613,0.02972302436828613,0.0009027895795999,100,10,2,sqrt,30,"{'classifier__n_estimators': 100, 'classifier__min_samples_split': 10, 'classifier__min_samples_leaf': 2, 'classifier__max_features': 'sqrt', 'classifier__max_depth': 30}",0.9666545034361127,0.9680411117192727,0.9656206288390196,0.9708508179772547,0.9704494464224748,0.9683233016788269,0.0020531823755794883,8
0.3206015586853027,0.00715287283456046,0.02859635353088379,0.0005167242823168513,100,10,2,sqrt,,"{'classifier__n_estimators': 100, 'classifier__min_samples_split': 10, 'classifier__min_samples_leaf': 2, 'classifier__max_features': 'sqrt', 'classifier__max_depth': None}",0.9666545034361127,0.9680411117192727,0.9656206288390196,0.9708508179772547,0.9704494464224748,0.9683233016788269,0.0020531823755794883,8
0.7496042251586914,0.12136516780232537,0.045354032516479494,0.009501614218740122,200,2,4,sqrt,10,"{'classifier__n_estimators': 200, 'classifier__min_samples_split': 2, 'classifier__min_samples_leaf': 4, 'classifier__max_features': 'sqrt', 'classifier__max_depth': 10}",0.9659916073709176,0.9653226296904457,0.9650003040807639,0.9703521255245393,0.9705347997853973,0.9674402932904128,0.0024735187392203703,10
0.30892000198364256,0.01216830641583764,0.026822376251220702,0.004685632337808808,100,10,4,sqrt,30,"{'classifier__n_estimators': 100, 'classifier__min_samples_split': 10, 'classifier__min_samples_leaf': 4, 'classifier__max_features': 'sqrt', 'classifier__max_depth': 30}",0.9679985404123334,0.9657179346834519,0.9640029191753329,0.9695128626163109,0.9694252060674047,0.9673314925909668,0.0021573100940312576,11
0.3054533004760742,0.01163428784025623,0.02607698440551758,0.004444903714836204,100,2,4,sqrt,,"{'classifier__n_estimators': 100, 'classifier__min_samples_split': 2, 'classifier__min_samples_leaf': 4, 'classifier__max_features': 'sqrt', 'classifier__max_depth': None}",0.9675241744207261,0.9641245514808733,0.9634494921851243,0.9694581280788177,0.9712664000390185,0.967164549240912,0.003008595999278425,12
0.5735785484313964,0.023966304860603686,0.039724206924438475,0.0007300306284966056,200,5,2,sqrt,10,"{'classifier__n_estimators': 200, 'classifier__min_samples_split': 5, 'classifier__min_samples_leaf': 2, 'classifier__max_features': 'sqrt', 'classifier__max_depth': 10}",0.964039408866995,0.9643069999391838,0.9654260171501551,0.9712339597397068,0.9699921962639613,0.9669997163920003,0.003012454957450632,13
0.6373703002929687,0.09383378846302333,0.04026241302490234,0.0006122662159076958,200,10,4,sqrt,10,"{'classifier__n_estimators': 200, 'classifier__min_samples_split': 10, 'classifier__min_samples_leaf': 4, 'classifier__max_features': 'sqrt', 'classifier__max_depth': 10}",0.964039408866995,0.9648847533905005,0.9645685093960955,0.9688378033205619,0.9691752426474174,0.9663011435243141,0.0022279458873533547,14
0.3025984764099121,0.009705804877722726,0.02705211639404297,0.004328613951571079,100,5,2,sqrt,10,"{'classifier__n_estimators': 100, 'classifier__min_samples_split': 5, 'classifier__min_samples_leaf': 2, 'classifier__max_features': 'sqrt', 'classifier__max_depth': 10}",0.9608587240771149,0.9620993735936265,0.9641427963267043,0.9707839202092076,0.9688033458518266,0.9653376320116959,0.003837910726809764,15
0.5472977161407471,0.09725591449218332,0.049916553497314456,0.0010562422614480203,300,2,2,log2,20,"{'classifier__n_estimators': 300, 'classifier__min_samples_split': 2, 'classifier__min_samples_leaf': 2, 'classifier__max_features': 'log2', 'classifier__max_depth': 20}",0.9616614972936812,0.9604695006993856,0.9609925196132093,0.9694277200024326,0.9662549383017119,0.9637612351820841,0.0034996515962018846,16
0.34846925735473633,0.007360566820006579,0.04182853698730469,0.005235348703221131,200,2,1,log2,30,"{'classifier__n_estimators': 200, 'classifier__min_samples_split': 2, 'classifier__min_samples_leaf': 1, 'classifier__max_features': 'log2', 'classifier__max_depth': 30}",0.9606154594660341,0.96331569664903,0.957410448215046,0.9669160128930244,0.9688460225332879,0.9634207279512845,0.004138957923973163,17
0.33176708221435547,0.012174651015905003,0.03919401168823242,0.0006362098817594198,200,2,2,log2,30,"{'classifier__n_estimators': 200, 'classifier__min_samples_split': 2, 'classifier__min_samples_leaf': 2, 'classifier__max_features': 'log2', 'classifier__max_depth': 30}",0.960907376999331,0.9600012163230554,0.9609925196132092,0.9691601289302438,0.9660110715505049,0.9634144626832688,0.003565293699199638,18
0.48729476928710935,0.07836002624214414,0.09007406234741211,0.09412665166134081,200,5,1,log2,20,"{'classifier__n_estimators': 200, 'classifier__min_samples_split': 5, 'classifier__min_samples_leaf': 1, 'classifier__max_features': 'log2', 'classifier__max_depth': 20}",0.9596971355592044,0.9627561880435442,0.9601410934744269,0.9665450343611264,0.966017168219285,0.9630313239315174,0.0028568293980547185,19
0.34067163467407224,0.010137449140807733,0.040010833740234376,0.0012039349936182392,200,10,1,log2,20,"{'classifier__n_estimators': 200, 'classifier__min_samples_split': 10, 'classifier__min_samples_leaf': 1, 'classifier__max_features': 'log2', 'classifier__max_depth': 20}",0.9583409353524297,0.9591437085689959,0.959824849480022,0.9655172413793103,0.9680961322733258,0.9621845734108166,0.003889522168925152,20
0.4249166965484619,0.14215481140980393,0.039450883865356445,0.0004621170335234263,200,10,2,log2,30,"{'classifier__n_estimators': 200, 'classifier__min_samples_split': 10, 'classifier__min_samples_leaf': 2, 'classifier__max_features': 'log2', 'classifier__max_depth': 30}",0.9603600316243994,0.958091589126072,0.9571671836039651,0.9662105455208904,0.9673340486758035,0.9618326797102261,0.0041800017849918086,21
0.38527555465698243,0.05339270480604676,0.06562809944152832,0.04641130734795024,200,2,4,log2,20,"{'classifier__n_estimators': 200, 'classifier__min_samples_split': 2, 'classifier__min_samples_leaf': 4, 'classifier__max_features': 'log2', 'classifier__max_depth': 20}",0.9585051389649091,0.9585902815787873,0.9591741166453811,0.9659003831417625,0.9657428181241771,0.9615825476910034,0.0034691841724603374,22
0.18940863609313965,0.006365272762104408,0.028865909576416014,0.00046717918536213414,100,5,1,log2,,"{'classifier__n_estimators': 100, 'classifier__min_samples_split': 5, 'classifier__min_samples_leaf': 1, 'classifier__max_features': 'log2', 'classifier__max_depth': None}",0.9592775041050903,0.9593444018731375,0.9590828924162256,0.9669220945083015,0.9620238501682681,0.9613301486142045,0.002998592361373175,23
0.20134305953979492,0.013468469221310697,0.030642318725585937,0.0009244594047851384,100,5,1,log2,20,"{'classifier__n_estimators': 100, 'classifier__min_samples_split': 5, 'classifier__min_samples_leaf': 1, 'classifier__max_features': 'log2', 'classifier__max_depth': 20}",0.9585598735024023,0.9589308520343003,0.9594356261022927,0.9669099312777474,0.9625481636833634,0.9612768893200213,0.0031503528799338753,24
0.19135966300964355,0.018777627112157035,0.030231475830078125,0.0012425720811622715,100,5,2,log2,30,"{'classifier__n_estimators': 100, 'classifier__min_samples_split': 5, 'classifier__min_samples_leaf': 2, 'classifier__max_features': 'log2', 'classifier__max_depth': 30}",0.9600985221674876,0.9570273064525938,0.9585477102718482,0.9632183908045977,0.9654075013412671,0.9608598862075588,0.0030613019346659204,25
0.44306049346923826,0.0066034602066708005,0.049644851684570314,0.0007094999242510296,300,10,4,log2,20,"{'classifier__n_estimators': 300, 'classifier__min_samples_split': 10, 'classifier__min_samples_leaf': 4, 'classifier__max_features': 'log2', 'classifier__max_depth': 20}",0.9585294654260171,0.9565833485373715,0.9576293863650186,0.965389527458493,0.9652063112715213,0.9606676078116843,0.0038309260104426807,26
0.16910743713378906,0.001980473871444595,0.026253271102905273,0.004353715304810932,100,2,4,log2,,"{'classifier__n_estimators': 100, 'classifier__min_samples_split': 2, 'classifier__min_samples_leaf': 4, 'classifier__max_features': 'log2', 'classifier__max_depth': None}",0.9559143708568997,0.9585173021954632,0.9565286139998783,0.9660585051389647,0.9629261571477346,0.959988989867788,0.0039040633471657043,27
0.5071306228637695,0.023052008492253598,0.0499819278717041,0.0009619834673546592,300,5,4,log2,10,"{'classifier__n_estimators': 300, 'classifier__min_samples_split': 5, 'classifier__min_samples_leaf': 4, 'classifier__max_features': 'log2', 'classifier__max_depth': 10}",0.9562366964665816,0.9566441646901418,0.9539256826613147,0.9637231648725901,0.9643161976296152,0.9589691812640486,0.004230839102519182,28
0.23200101852416993,0.013512697396760857,0.053526878356933594,0.043791218784283756,100,10,4,log2,20,"{'classifier__n_estimators': 100, 'classifier__min_samples_split': 10, 'classifier__min_samples_leaf': 4, 'classifier__max_features': 'log2', 'classifier__max_depth': 20}",0.9567475521498509,0.9526667882989722,0.9516815666240953,0.9622331691297209,0.961615373359996,0.9569888899125271,0.004377517569561828,29
0.23506450653076172,0.10102668162434153,0.030486392974853515,0.0021521140351382674,100,10,4,log2,30,"{'classifier__n_estimators': 100, 'classifier__min_samples_split': 10, 'classifier__min_samples_leaf': 4, 'classifier__max_features': 'log2', 'classifier__max_depth': 30}",0.9566259198443107,0.9526667882989722,0.9516146688560482,0.9622331691297209,0.961615373359996,0.9569511838978096,0.004395321750954794,30
